complition,deadline,exam,success
0.34,0.45,0.67,0.9037355184555054
0.34,0.45,0.02,0.07310482859611511
